war,seed,endRound,endReason,winners,name,group,type,loadOffset,alive,deathRound,deathReason,cs,ip,ss,sp,ds,es,energy,bomb86,bomb87
0,-795500088,1098,2,"zom20b, zom20c, Counter_lattice521, Counter_lattice522","CAND1","CAND",SURVIVOR_1,61916,false,89,"CPU exception",4091,7331,4096,7454,8256,4091,0,1,0
0,-795500088,1098,2,"zom20b, zom20c, Counter_lattice521, Counter_lattice522","CAND2","CAND",SURVIVOR_2,49699,false,1097,"CPU exception",4091,27811,4096,29438,8384,4091,0,2,0
0,-795500088,1098,2,"zom20b, zom20c, Counter_lattice521, Counter_lattice522","zom20a","ZoMbIeS",ZOMBIE,17220,false,509,"CPU exception",4091,43171,4096,43110,8576,4091,0,2,0
0,-795500088,1098,2,"zom20b, zom20c, Counter_lattice521, Counter_lattice522","zom20b","ZoMbIeS",ZOMBIE,1175,true,,"",4096,1502,8704,2048,4096,4096,0,2,1
0,-795500088,1098,2,"zom20b, zom20c, Counter_lattice521, Counter_lattice522","zom20c","ZoMbIeS",ZOMBIE,22981,true,,"",4096,23111,8512,2,4096,4096,0,2,1
0,-795500088,1098,2,"zom20b, zom20c, Counter_lattice521, Counter_lattice522","zom20d","ZoMbIeS",ZOMBIE,56081,false,113,"CPU exception",4091,9379,4096,10394,8960,4091,0,1,1
0,-795500088,1098,2,"zom20b, zom20c, Counter_lattice521, Counter_lattice522","Counter_lattice521","Counter_lattice52",SURVIVOR_1,37863,true,,"",4096,37876,9152,2048,4096,4096,0,2,1
0,-795500088,1098,2,"zom20b, zom20c, Counter_lattice521, Counter_lattice522","Counter_lattice522","Counter_lattice52",SURVIVOR_2,30510,true,,"",4096,30523,9280,2048,4096,4096,0,2,1
1,-795500087,1098,2,"zom20c, zom20d, Counter_lattice521, Counter_lattice522","CAND1","CAND",SURVIVOR_1,14011,false,137,"CPU exception",4091,11427,4096,11358,8256,4091,0,1,0
1,-795500087,1098,2,"zom20c, zom20d, Counter_lattice521, Counter_lattice522","CAND2","CAND",SURVIVOR_2,60810,false,1097,"CPU exception",4091,27811,4096,29438,8384,4091,0,2,0
1,-795500087,1098,2,"zom20c, zom20d, Counter_lattice521, Counter_lattice522","zom20a","ZoMbIeS",ZOMBIE,54595,false,509,"CPU exception",4091,43171,4096,43110,8576,4091,0,2,0
1,-795500087,1098,2,"zom20c, zom20d, Counter_lattice521, Counter_lattice522","zom20b","ZoMbIeS",ZOMBIE,48832,false,113,"CPU exception",4091,9379,4096,10394,8704,4091,0,1,1
1,-795500087,1098,2,"zom20c, zom20d, Counter_lattice521, Counter_lattice522","zom20c","ZoMbIeS",ZOMBIE,8712,true,,"",4096,8842,8512,2,4096,4096,0,2,1
1,-795500087,1098,2,"zom20c, zom20d, Counter_lattice521, Counter_lattice522","zom20d","ZoMbIeS",ZOMBIE,20505,true,,"",4096,20832,8960,2048,4096,4096,0,2,1
1,-795500087,1098,2,"zom20c, zom20d, Counter_lattice521, Counter_lattice522","Counter_lattice521","Counter_lattice52",SURVIVOR_1,62952,true,,"",4096,62965,9152,2048,4096,4096,0,2,1
1,-795500087,1098,2,"zom20c, zom20d, Counter_lattice521, Counter_lattice522","Counter_lattice522","Counter_lattice52",SURVIVOR_2,16426,true,,"",4096,16439,9280,2048,4096,4096,0,2,1
2,-795500086,690,2,"zom20b, zom20d, Counter_lattice521, Counter_lattice522","zom20a","ZoMbIeS",ZOMBIE,26653,false,101,"CPU exception",4091,8355,4096,9438,8256,4091,0,2,0
2,-795500086,690,2,"zom20b, zom20d, Counter_lattice521, Counter_lattice522","zom20b","ZoMbIeS",ZOMBIE,14758,true,,"",4096,15085,8384,2048,4096,4096,0,2,1
2,-795500086,690,2,"zom20b, zom20d, Counter_lattice521, Counter_lattice522","zom20c","ZoMbIeS",ZOMBIE,8006,false,543,"CPU exception",4096,8138,8192,2,4096,4096,0,2,1
2,-795500086,690,2,"zom20b, zom20d, Counter_lattice521, Counter_lattice522","zom20d","ZoMbIeS",ZOMBIE,36933,true,,"",4091,6306,4096,6950,8640,4091,0,1,1
2,-795500086,690,2,"zom20b, zom20d, Counter_lattice521, Counter_lattice522","CAND1","CAND",SURVIVOR_1,45043,false,293,"CPU exception",4091,24739,4096,25146,8832,4091,0,1,0
2,-795500086,690,2,"zom20b, zom20d, Counter_lattice521, Counter_lattice522","CAND2","CAND",SURVIVOR_2,11334,false,689,"CPU exception",4091,58531,4096,59666,8960,4091,0,2,0
2,-795500086,690,2,"zom20b, zom20d, Counter_lattice521, Counter_lattice522","Counter_lattice521","Counter_lattice52",SURVIVOR_1,43623,true,,"",4096,43636,9152,2048,4096,4096,0,2,1
2,-795500086,690,2,"zom20b, zom20d, Counter_lattice521, Counter_lattice522","Counter_lattice522","Counter_lattice52",SURVIVOR_2,22492,true,,"",4096,22505,9280,2048,4096,4096,0,2,1
3,-795500085,293,0,"Counter_lattice522, zom20a, zom20b, zom20c, zom20d","Counter_lattice521","Counter_lattice52",SURVIVOR_1,44284,false,228,"CPU exception",4096,44298,8256,2048,4096,4096,0,2,1
3,-795500085,293,0,"Counter_lattice522, zom20a, zom20b, zom20c, zom20d","Counter_lattice522","Counter_lattice52",SURVIVOR_2,38587,true,,"",4096,38596,8384,2048,4096,4096,0,2,1
3,-795500085,293,0,"Counter_lattice522, zom20a, zom20b, zom20c, zom20d","CAND1","CAND",SURVIVOR_1,45381,false,292,"CPU exception",4091,24739,4096,25150,8576,4091,0,1,0
3,-795500085,293,0,"Counter_lattice522, zom20a, zom20b, zom20c, zom20d","CAND2","CAND",SURVIVOR_2,19054,false,232,"CPU exception",4091,19619,4096,20462,8704,4091,0,2,0
3,-795500085,293,0,"Counter_lattice522, zom20a, zom20b, zom20c, zom20d","zom20a","ZoMbIeS",ZOMBIE,15018,true,,"",4091,12450,4096,14118,8896,4091,0,2,0
3,-795500085,293,0,"Counter_lattice522, zom20a, zom20b, zom20c, zom20d","zom20b","ZoMbIeS",ZOMBIE,31818,true,,"",4096,32146,9024,2048,4096,4096,0,2,1
3,-795500085,293,0,"Counter_lattice522, zom20a, zom20b, zom20c, zom20d","zom20c","ZoMbIeS",ZOMBIE,6695,true,,"",4096,6825,8832,2,4096,4096,0,2,1
3,-795500085,293,0,"Counter_lattice522, zom20a, zom20b, zom20c, zom20d","zom20d","ZoMbIeS",ZOMBIE,59300,true,,"",4091,32930,4096,34626,9280,4091,0,1,1
4,-795500084,1097,2,"Counter_lattice521, Counter_lattice522, zom20c, zom20d","Counter_lattice521","Counter_lattice52",SURVIVOR_1,1369,true,,"",4096,1378,8256,2048,4096,4096,0,2,1
4,-795500084,1097,2,"Counter_lattice521, Counter_lattice522, zom20c, zom20d","Counter_lattice522","Counter_lattice52",SURVIVOR_2,28608,true,,"",4096,28617,8384,2048,4096,4096,0,2,1
4,-795500084,1097,2,"Counter_lattice521, Counter_lattice522, zom20c, zom20d","CAND1","CAND",SURVIVOR_1,35648,false,292,"CPU exception",4091,24739,4096,25150,8576,4091,0,1,0
4,-795500084,1097,2,"Counter_lattice521, Counter_lattice522, zom20c, zom20d","CAND2","CAND",SURVIVOR_2,60730,false,1096,"CPU exception",4091,27811,4096,29442,8704,4091,0,2,0
4,-795500084,1097,2,"Counter_lattice521, Counter_lattice522, zom20c, zom20d","zom20a","ZoMbIeS",ZOMBIE,22057,false,508,"CPU exception",4091,43171,4096,43118,8896,4091,0,2,0
4,-795500084,1097,2,"Counter_lattice521, Counter_lattice522, zom20c, zom20d","zom20b","ZoMbIeS",ZOMBIE,49033,false,112,"CPU exception",4091,9379,4096,10402,9024,4091,0,1,1
4,-795500084,1097,2,"Counter_lattice521, Counter_lattice522, zom20c, zom20d","zom20c","ZoMbIeS",ZOMBIE,17651,true,,"",4096,17778,8832,2,4096,4096,0,2,1
4,-795500084,1097,2,"Counter_lattice521, Counter_lattice522, zom20c, zom20d","zom20d","ZoMbIeS",ZOMBIE,4285,true,,"",4096,4613,9280,2048,4096,4096,0,2,1
5,-795500083,1217,2,"Counter_lattice521, Counter_lattice522, zom20b, zom20c, zom20d","Counter_lattice521","Counter_lattice52",SURVIVOR_1,19000,true,,"",4096,19009,8256,2048,4096,4096,0,2,1
5,-795500083,1217,2,"Counter_lattice521, Counter_lattice522, zom20b, zom20c, zom20d","Counter_lattice522","Counter_lattice52",SURVIVOR_2,39719,true,,"",4096,39728,8384,2048,4096,4096,0,2,1
5,-795500083,1217,2,"Counter_lattice521, Counter_lattice522, zom20b, zom20c, zom20d","zom20a","ZoMbIeS",ZOMBIE,7487,false,52,"CPU exception",4091,4259,4096,5734,8576,4091,0,2,0
5,-795500083,1217,2,"Counter_lattice521, Counter_lattice522, zom20b, zom20c, zom20d","zom20b","ZoMbIeS",ZOMBIE,42851,true,,"",4091,45218,4096,45894,8704,4091,0,1,1
5,-795500083,1217,2,"Counter_lattice521, Counter_lattice522, zom20b, zom20c, zom20d","zom20c","ZoMbIeS",ZOMBIE,17174,true,,"",4096,17301,8512,2,4096,4096,0,2,1
5,-795500083,1217,2,"Counter_lattice521, Counter_lattice522, zom20b, zom20c, zom20d","zom20d","ZoMbIeS",ZOMBIE,31479,true,,"",4096,31807,8960,2048,4096,4096,0,2,1
5,-795500083,1217,2,"Counter_lattice521, Counter_lattice522, zom20b, zom20c, zom20d","CAND1","CAND",SURVIVOR_1,44393,false,1216,"CPU exception",4091,38051,4096,38066,9152,4091,0,1,0
5,-795500083,1217,2,"Counter_lattice521, Counter_lattice522, zom20b, zom20c, zom20d","CAND2","CAND",SURVIVOR_2,61751,false,640,"CPU exception",4091,54435,4096,55766,9280,4091,0,2,0
6,-795500082,690,0,"Counter_lattice521, zom20b, zom20d","CAND1","CAND",SURVIVOR_1,31642,false,293,"CPU exception",4091,24739,4096,25146,8256,4091,0,1,0
6,-795500082,690,0,"Counter_lattice521, zom20b, zom20d","CAND2","CAND",SURVIVOR_2,6385,false,689,"CPU exception",4091,58531,4096,59666,8384,4091,0,2,0
6,-795500082,690,0,"Counter_lattice521, zom20b, zom20d","Counter_lattice521","Counter_lattice52",SURVIVOR_1,26434,true,,"",4096,26447,8576,2048,4096,4096,0,2,1
6,-795500082,690,0,"Counter_lattice521, zom20b, zom20d","Counter_lattice522","Counter_lattice52",SURVIVOR_2,59980,false,607,"CPU exception",4096,59904,8704,2048,4096,4096,0,2,1
6,-795500082,690,0,"Counter_lattice521, zom20b, zom20d","zom20a","ZoMbIeS",ZOMBIE,39069,false,100,"CPU exception",4091,8355,4096,9446,8896,4091,0,2,0
6,-795500082,690,0,"Counter_lattice521, zom20b, zom20d","zom20b","ZoMbIeS",ZOMBIE,58312,true,,"",4091,6306,4096,6950,9024,4091,0,1,1
6,-795500082,690,0,"Counter_lattice521, zom20b, zom20d","zom20c","ZoMbIeS",ZOMBIE,17398,false,511,"CPU exception",4096,17530,8832,3,4096,4096,0,2,1
6,-795500082,690,0,"Counter_lattice521, zom20b, zom20d","zom20d","ZoMbIeS",ZOMBIE,43075,true,,"",4096,43402,9280,2048,4096,4096,0,2,1
7,-795500081,833,2,"zom20b, zom20c, zom20d, Counter_lattice521, Counter_lattice522","zom20a","ZoMbIeS",ZOMBIE,49274,false,329,"CPU exception",4091,27811,4096,29190,8256,4091,0,2,0
7,-795500081,833,2,"zom20b, zom20c, zom20d, Counter_lattice521, Counter_lattice522","zom20b","ZoMbIeS",ZOMBIE,17496,true,,"",4096,17824,8384,2048,4096,4096,0,2,1
7,-795500081,833,2,"zom20b, zom20c, zom20d, Counter_lattice521, Counter_lattice522","zom20c","ZoMbIeS",ZOMBIE,15117,true,,"",4096,15247,8192,2,4096,4096,0,2,1
7,-795500081,833,2,"zom20b, zom20c, zom20d, Counter_lattice521, Counter_lattice522","zom20d","ZoMbIeS",ZOMBIE,63809,true,,"",4091,25762,4096,27386,8640,4091,0,1,1
7,-795500081,833,2,"zom20b, zom20c, zom20d, Counter_lattice521, Counter_lattice522","Counter_lattice521","Counter_lattice52",SURVIVOR_1,45711,true,,"",4096,45720,8832,2048,4096,4096,0,2,1
7,-795500081,833,2,"zom20b, zom20c, zom20d, Counter_lattice521, Counter_lattice522","Counter_lattice522","Counter_lattice52",SURVIVOR_2,25992,true,,"",4096,26001,8960,2048,4096,4096,0,2,1
7,-795500081,833,2,"zom20b, zom20c, zom20d, Counter_lattice521, Counter_lattice522","CAND1","CAND",SURVIVOR_1,53672,false,832,"CPU exception",4091,5283,4096,5734,9152,4091,0,1,0
7,-795500081,833,2,"zom20b, zom20c, zom20d, Counter_lattice521, Counter_lattice522","CAND2","CAND",SURVIVOR_2,39088,false,412,"CPU exception",4091,34979,4096,35102,9280,4091,0,2,0
8,-795500080,1097,2,"zom20d, Counter_lattice521, Counter_lattice522","zom20a","ZoMbIeS",ZOMBIE,31981,false,509,"CPU exception",4091,43171,4096,43110,8256,4091,0,2,0
8,-795500080,1097,2,"zom20d, Counter_lattice521, Counter_lattice522","zom20b","ZoMbIeS",ZOMBIE,45172,false,113,"CPU exception",4091,9379,4096,10394,8384,4091,0,1,1
8,-795500080,1097,2,"zom20d, Counter_lattice521, Counter_lattice522","zom20c","ZoMbIeS",ZOMBIE,39394,false,861,"CPU exception",4096,39530,8192,2,4096,4096,0,2,1
8,-795500080,1097,2,"zom20d, Counter_lattice521, Counter_lattice522","zom20d","ZoMbIeS",ZOMBIE,37723,true,,"",4096,38051,8640,2048,4096,4096,0,2,1
8,-795500080,1097,2,"zom20d, Counter_lattice521, Counter_lattice522","Counter_lattice521","Counter_lattice52",SURVIVOR_1,50225,true,,"",4096,50234,8832,2048,4096,4096,0,2,1
8,-795500080,1097,2,"zom20d, Counter_lattice521, Counter_lattice522","Counter_lattice522","Counter_lattice52",SURVIVOR_2,63614,true,,"",4096,63623,8960,2048,4096,4096,0,2,1
8,-795500080,1097,2,"zom20d, Counter_lattice521, Counter_lattice522","CAND1","CAND",SURVIVOR_1,28061,false,676,"CPU exception",4091,57507,4096,57482,9152,4091,0,1,0
8,-795500080,1097,2,"zom20d, Counter_lattice521, Counter_lattice522","CAND2","CAND",SURVIVOR_2,56787,false,1096,"CPU exception",4091,27811,4096,29442,9280,4091,0,2,0
9,-795500079,233,2,"Counter_lattice521, Counter_lattice522, zom20a, zom20b, zom20c, zom20d","Counter_lattice521","Counter_lattice52",SURVIVOR_1,49612,true,,"",4096,49621,8256,2048,4096,4096,0,2,1
9,-795500079,233,2,"Counter_lattice521, Counter_lattice522, zom20a, zom20b, zom20c, zom20d","Counter_lattice522","Counter_lattice52",SURVIVOR_2,56284,true,,"",4096,56293,8384,2048,4096,4096,0,2,1
9,-795500079,233,2,"Counter_lattice521, Counter_lattice522, zom20a, zom20b, zom20c, zom20d","CAND1","CAND",SURVIVOR_1,9562,false,136,"CPU exception",4091,11427,4096,11362,8576,4091,0,1,0
9,-795500079,233,2,"Counter_lattice521, Counter_lattice522, zom20a, zom20b, zom20c, zom20d","CAND2","CAND",SURVIVOR_2,19181,false,232,"CPU exception",4091,19619,4096,20462,8704,4091,0,2,0
9,-795500079,233,2,"Counter_lattice521, Counter_lattice522, zom20a, zom20b, zom20c, zom20d","zom20a","ZoMbIeS",ZOMBIE,22340,true,,"",4091,23714,4096,23742,8896,4091,0,2,0
9,-795500079,233,2,"Counter_lattice521, Counter_lattice522, zom20a, zom20b, zom20c, zom20d","zom20b","ZoMbIeS",ZOMBIE,43230,true,,"",4091,44194,4096,44250,9024,4091,0,1,1
9,-795500079,233,2,"Counter_lattice521, Counter_lattice522, zom20a, zom20b, zom20c, zom20d","zom20c","ZoMbIeS",ZOMBIE,6624,true,,"",4096,6754,8832,2,4096,4096,0,2,1
9,-795500079,233,2,"Counter_lattice521, Counter_lattice522, zom20a, zom20b, zom20c, zom20d","zom20d","ZoMbIeS",ZOMBIE,12739,true,,"",4096,13067,9280,2048,4096,4096,0,2,1
10,-795500078,137,2,"Counter_lattice521, Counter_lattice522, zom20b, zom20c","Counter_lattice521","Counter_lattice52",SURVIVOR_1,62254,true,,"",4096,62263,8256,2048,4096,4096,0,2,1
10,-795500078,137,2,"Counter_lattice521, Counter_lattice522, zom20b, zom20c","Counter_lattice522","Counter_lattice52",SURVIVOR_2,22950,true,,"",4096,22959,8384,2048,4096,4096,0,2,1
10,-795500078,137,2,"Counter_lattice521, Counter_lattice522, zom20b, zom20c","zom20a","ZoMbIeS",ZOMBIE,28509,false,34,"memory exception",4096,30228,8576,2048,4096,8576,0,2,0
10,-795500078,137,2,"Counter_lattice521, Counter_lattice522, zom20b, zom20c","zom20b","ZoMbIeS",ZOMBIE,7283,true,,"",4096,7611,8704,2048,4096,4096,0,2,1
10,-795500078,137,2,"Counter_lattice521, Counter_lattice522, zom20b, zom20c","zom20c","ZoMbIeS",ZOMBIE,44738,true,,"",4096,44865,8512,2,4096,4096,0,2,1
10,-795500078,137,2,"Counter_lattice521, Counter_lattice522, zom20b, zom20c","zom20d","ZoMbIeS",ZOMBIE,15089,false,38,"memory exception",4096,30228,8960,2048,4096,8960,0,1,1
10,-795500078,137,2,"Counter_lattice521, Counter_lattice522, zom20b, zom20c","CAND1","CAND",SURVIVOR_1,5399,false,136,"CPU exception",4091,11427,4096,11362,9152,4091,0,1,0
10,-795500078,137,2,"Counter_lattice521, Counter_lattice522, zom20b, zom20c","CAND2","CAND",SURVIVOR_2,30070,false,39,"memory exception",4096,30228,9280,2048,4096,9280,0,2,0
11,-795500077,643,0,"zom20b, zom20c, zom20d, CAND2","zom20a","ZoMbIeS",ZOMBIE,14349,false,329,"CPU exception",4091,27811,4096,29190,8256,4091,0,2,0
11,-795500077,643,0,"zom20b, zom20c, zom20d, CAND2","zom20b","ZoMbIeS",ZOMBIE,34061,true,,"",4096,34393,8384,2048,4096,4096,0,2,1
11,-795500077,643,0,"zom20b, zom20c, zom20d, CAND2","zom20c","ZoMbIeS",ZOMBIE,52430,true,,"",4096,52560,8192,2,4096,4096,0,2,1
11,-795500077,643,0,"zom20b, zom20c, zom20d, CAND2","zom20d","ZoMbIeS",ZOMBIE,54939,true,,"",4091,37026,4096,38046,8640,4091,0,1,1
11,-795500077,643,0,"zom20b, zom20c, zom20d, CAND2","Counter_lattice521","Counter_lattice52",SURVIVOR_1,39352,false,200,"CPU exception",4096,39362,8832,2048,4096,4096,0,2,1
11,-795500077,643,0,"zom20b, zom20c, zom20d, CAND2","Counter_lattice522","Counter_lattice52",SURVIVOR_2,49498,false,642,"memory exception",4096,50087,8960,35065,4096,4096,0,2,1
11,-795500077,643,0,"zom20b, zom20c, zom20d, CAND2","CAND1","CAND",SURVIVOR_1,2447,false,136,"CPU exception",4091,11427,4096,11362,9152,4091,0,1,0
11,-795500077,643,0,"zom20b, zom20c, zom20d, CAND2","CAND2","CAND",SURVIVOR_2,36442,true,,"",4091,23714,4096,25034,9280,4091,0,2,0
12,-795500076,294,2,"zom20a, zom20b, zom20c, zom20d, Counter_lattice521, Counter_lattice522","CAND1","CAND",SURVIVOR_1,36970,false,293,"CPU exception",4091,24739,4096,25146,8256,4091,0,1,0
12,-795500076,294,2,"zom20a, zom20b, zom20c, zom20d, Counter_lattice521, Counter_lattice522","CAND2","CAND",SURVIVOR_2,24081,false,233,"CPU exception",4091,19619,4096,20458,8384,4091,0,2,0
12,-795500076,294,2,"zom20a, zom20b, zom20c, zom20d, Counter_lattice521, Counter_lattice522","zom20a","ZoMbIeS",ZOMBIE,56151,true,,"",4091,12450,4096,14110,8576,4091,0,2,0
12,-795500076,294,2,"zom20a, zom20b, zom20c, zom20d, Counter_lattice521, Counter_lattice522","zom20b","ZoMbIeS",ZOMBIE,31079,true,,"",4096,31406,8704,2048,4096,4096,0,2,1
12,-795500076,294,2,"zom20a, zom20b, zom20c, zom20d, Counter_lattice521, Counter_lattice522","zom20c","ZoMbIeS",ZOMBIE,46206,true,,"",4096,46331,8512,2,4096,4096,0,2,1
12,-795500076,294,2,"zom20a, zom20b, zom20c, zom20d, Counter_lattice521, Counter_lattice522","zom20d","ZoMbIeS",ZOMBIE,61198,true,,"",4091,32930,4096,34618,8960,4091,0,1,1
12,-795500076,294,2,"zom20a, zom20b, zom20c, zom20d, Counter_lattice521, Counter_lattice522","Counter_lattice521","Counter_lattice52",SURVIVOR_1,29312,true,,"",4096,29325,9152,2048,4096,4096,0,2,1
12,-795500076,294,2,"zom20a, zom20b, zom20c, zom20d, Counter_lattice521, Counter_lattice522","Counter_lattice522","Counter_lattice52",SURVIVOR_2,7849,true,,"",4096,7862,9280,2048,4096,4096,0,2,1
13,-795500075,294,2,"zom20a, zom20b, zom20c, zom20d, Counter_lattice521, Counter_lattice522","zom20a","ZoMbIeS",ZOMBIE,54601,true,,"",4091,12450,4096,14110,8256,4091,0,2,0
13,-795500075,294,2,"zom20a, zom20b, zom20c, zom20d, Counter_lattice521, Counter_lattice522","zom20b","ZoMbIeS",ZOMBIE,35193,true,,"",4091,32930,4096,34618,8384,4091,0,1,1
13,-795500075,294,2,"zom20a, zom20b, zom20c, zom20d, Counter_lattice521, Counter_lattice522","zom20c","ZoMbIeS",ZOMBIE,39753,true,,"",4096,39878,8192,2,4096,4096,0,2,1
13,-795500075,294,2,"zom20a, zom20b, zom20c, zom20d, Counter_lattice521, Counter_lattice522","zom20d","ZoMbIeS",ZOMBIE,27990,true,,"",4096,28317,8640,2048,4096,4096,0,2,1
13,-795500075,294,2,"zom20a, zom20b, zom20c, zom20d, Counter_lattice521, Counter_lattice522","CAND1","CAND",SURVIVOR_1,31938,false,293,"CPU exception",4091,24739,4096,25146,8832,4091,0,1,0
13,-795500075,294,2,"zom20a, zom20b, zom20c, zom20d, Counter_lattice521, Counter_lattice522","CAND2","CAND",SURVIVOR_2,24672,false,233,"CPU exception",4091,19619,4096,20458,8960,4091,0,2,0
13,-795500075,294,2,"zom20a, zom20b, zom20c, zom20d, Counter_lattice521, Counter_lattice522","Counter_lattice521","Counter_lattice52",SURVIVOR_1,33321,true,,"",4096,33334,9152,2048,4096,4096,0,2,1
13,-795500075,294,2,"zom20a, zom20b, zom20c, zom20d, Counter_lattice521, Counter_lattice522","Counter_lattice522","Counter_lattice52",SURVIVOR_2,6029,true,,"",4096,6042,9280,2048,4096,4096,0,2,1
14,-795500074,1097,2,"Counter_lattice521, Counter_lattice522, zom20c, zom20d","Counter_lattice521","Counter_lattice52",SURVIVOR_1,1707,true,,"",4096,1716,8256,2048,4096,4096,0,2,1
14,-795500074,1097,2,"Counter_lattice521, Counter_lattice522, zom20c, zom20d","Counter_lattice522","Counter_lattice52",SURVIVOR_2,13323,true,,"",4096,13332,8384,2048,4096,4096,0,2,1
14,-795500074,1097,2,"Counter_lattice521, Counter_lattice522, zom20c, zom20d","zom20a","ZoMbIeS",ZOMBIE,9207,false,508,"CPU exception",4091,43171,4096,43118,8576,4091,0,2,0
14,-795500074,1097,2,"Counter_lattice521, Counter_lattice522, zom20c, zom20d","zom20b","ZoMbIeS",ZOMBIE,55711,false,112,"CPU exception",4091,9379,4096,10402,8704,4091,0,1,1
14,-795500074,1097,2,"Counter_lattice521, Counter_lattice522, zom20c, zom20d","zom20c","ZoMbIeS",ZOMBIE,46602,true,,"",4096,46729,8512,2,4096,4096,0,2,1
14,-795500074,1097,2,"Counter_lattice521, Counter_lattice522, zom20c, zom20d","zom20d","ZoMbIeS",ZOMBIE,38591,true,,"",4096,38919,8960,2048,4096,4096,0,2,1
14,-795500074,1097,2,"Counter_lattice521, Counter_lattice522, zom20c, zom20d","CAND1","CAND",SURVIVOR_1,43675,false,292,"CPU exception",4091,24739,4096,25150,9152,4091,0,1,0
14,-795500074,1097,2,"Counter_lattice521, Counter_lattice522, zom20c, zom20d","CAND2","CAND",SURVIVOR_2,50652,false,1096,"CPU exception",4091,27811,4096,29442,9280,4091,0,2,0
15,-795500073,1097,2,"Counter_lattice521, Counter_lattice522, zom20b, zom20c","Counter_lattice521","Counter_lattice52",SURVIVOR_1,19338,true,,"",4096,19347,8256,2048,4096,4096,0,2,1
15,-795500073,1097,2,"Counter_lattice521, Counter_lattice522, zom20b, zom20c","Counter_lattice522","Counter_lattice52",SURVIVOR_2,12970,true,,"",4096,12979,8384,2048,4096,4096,0,2,1
15,-795500073,1097,2,"Counter_lattice521, Counter_lattice522, zom20b, zom20c","CAND1","CAND",SURVIVOR_1,48959,false,832,"CPU exception",4091,5283,4096,5734,8576,4091,0,1,0
15,-795500073,1097,2,"Counter_lattice521, Counter_lattice522, zom20b, zom20c","CAND2","CAND",SURVIVOR_2,60475,false,1096,"CPU exception",4091,27811,4096,29442,8704,4091,0,2,0
15,-795500073,1097,2,"Counter_lattice521, Counter_lattice522, zom20b, zom20c","zom20a","ZoMbIeS",ZOMBIE,5328,false,508,"CPU exception",4091,43171,4096,43118,8896,4091,0,2,0
15,-795500073,1097,2,"Counter_lattice521, Counter_lattice522, zom20b, zom20c","zom20b","ZoMbIeS",ZOMBIE,33951,true,,"",4096,34279,9024,2048,4096,4096,0,2,1
15,-795500073,1097,2,"Counter_lattice521, Counter_lattice522, zom20b, zom20c","zom20c","ZoMbIeS",ZOMBIE,29286,true,,"",4096,29413,8832,2,4096,4096,0,2,1
15,-795500073,1097,2,"Counter_lattice521, Counter_lattice522, zom20b, zom20c","zom20d","ZoMbIeS",ZOMBIE,37119,false,112,"CPU exception",4091,9379,4096,10402,9280,4091,0,1,1
16,-795500072,294,2,"Counter_lattice521, Counter_lattice522, zom20c, zom20d","CAND1","CAND",SURVIVOR_1,41959,false,293,"CPU exception",4091,24739,4096,25146,8256,4091,0,1,0
16,-795500072,294,2,"Counter_lattice521, Counter_lattice522, zom20c, zom20d","CAND2","CAND",SURVIVOR_2,2990,false,45,"CPU exception",4096,3156,4096,0,8384,8384,0,2,0
16,-795500072,294,2,"Counter_lattice521, Counter_lattice522, zom20c, zom20d","Counter_lattice521","Counter_lattice52",SURVIVOR_1,9043,true,,"",4096,9056,8576,2048,4096,4096,0,2,1
16,-795500072,294,2,"Counter_lattice521, Counter_lattice522, zom20c, zom20d","Counter_lattice522","Counter_lattice52",SURVIVOR_2,25098,true,,"",4096,25111,8704,2048,4096,4096,0,2,1
16,-795500072,294,2,"Counter_lattice521, Counter_lattice522, zom20c, zom20d","zom20a","ZoMbIeS",ZOMBIE,6636,false,100,"CPU exception",4091,8355,4096,9446,8896,4091,0,2,0
16,-795500072,294,2,"Counter_lattice521, Counter_lattice522, zom20c, zom20d","zom20b","ZoMbIeS",ZOMBIE,61103,false,41,"CPU exception",4096,3156,4096,0,9024,9024,0,1,1
16,-795500072,294,2,"Counter_lattice521, Counter_lattice522, zom20c, zom20d","zom20c","ZoMbIeS",ZOMBIE,10753,true,,"",4096,10878,8832,2,4096,4096,0,2,1
16,-795500072,294,2,"Counter_lattice521, Counter_lattice522, zom20c, zom20d","zom20d","ZoMbIeS",ZOMBIE,53174,true,,"",4096,53501,9280,2048,4096,4096,0,2,1
17,-795500071,1217,0,"Counter_lattice521, zom20d","Counter_lattice521","Counter_lattice52",SURVIVOR_1,59590,true,,"",4096,59599,8256,2048,4096,4096,0,2,1
17,-795500071,1217,0,"Counter_lattice521, zom20d","Counter_lattice522","Counter_lattice52",SURVIVOR_2,14102,false,427,"CPU exception",4096,14118,8384,2048,4096,4096,0,2,1
17,-795500071,1217,0,"Counter_lattice521, zom20d","zom20a","ZoMbIeS",ZOMBIE,46418,false,52,"CPU exception",4091,4259,4096,5734,8576,4091,0,2,0
17,-795500071,1217,0,"Counter_lattice521, zom20d","zom20b","ZoMbIeS",ZOMBIE,7219,false,616,"CPU exception",4096,7554,8704,2048,4096,4096,0,2,1
17,-795500071,1217,0,"Counter_lattice521, zom20d","zom20c","ZoMbIeS",ZOMBIE,40400,false,478,"CPU exception",4096,40531,8512,2,4096,4096,0,2,1
17,-795500071,1217,0,"Counter_lattice521, zom20d","zom20d","ZoMbIeS",ZOMBIE,42147,true,,"",4091,45218,4096,45894,8960,4091,0,1,1
17,-795500071,1217,0,"Counter_lattice521, zom20d","CAND1","CAND",SURVIVOR_1,31737,false,1216,"CPU exception",4091,38051,4096,38066,9152,4091,0,1,0
17,-795500071,1217,0,"Counter_lattice521, zom20d","CAND2","CAND",SURVIVOR_2,63317,false,640,"CPU exception",4091,54435,4096,55766,9280,4091,0,2,0
18,-795500070,690,2,"zom20b, zom20c, zom20d, Counter_lattice521, Counter_lattice522","zom20a","ZoMbIeS",ZOMBIE,6696,false,101,"CPU exception",4091,8355,4096,9438,8256,4091,0,2,0
18,-795500070,690,2,"zom20b, zom20c, zom20d, Counter_lattice521, Counter_lattice522","zom20b","ZoMbIeS",ZOMBIE,46304,true,,"",4096,46631,8384,2048,4096,4096,0,2,1
18,-795500070,690,2,"zom20b, zom20c, zom20d, Counter_lattice521, Counter_lattice522","zom20c","ZoMbIeS",ZOMBIE,26717,true,,"",4096,26846,8192,2,4096,4096,0,2,1
18,-795500070,690,2,"zom20b, zom20c, zom20d, Counter_lattice521, Counter_lattice522","zom20d","ZoMbIeS",ZOMBIE,60857,true,,"",4091,6306,4096,6950,8640,4091,0,1,1
18,-795500070,690,2,"zom20b, zom20c, zom20d, Counter_lattice521, Counter_lattice522","CAND1","CAND",SURVIVOR_1,1149,false,137,"CPU exception",4091,11427,4096,11358,8832,4091,0,1,0
18,-795500070,690,2,"zom20b, zom20c, zom20d, Counter_lattice521, Counter_lattice522","CAND2","CAND",SURVIVOR_2,12578,false,689,"CPU exception",4091,58531,4096,59666,8960,4091,0,2,0
18,-795500070,690,2,"zom20b, zom20c, zom20d, Counter_lattice521, Counter_lattice522","Counter_lattice521","Counter_lattice52",SURVIVOR_1,30511,true,,"",4096,30524,9152,2048,4096,4096,0,2,1
18,-795500070,690,2,"zom20b, zom20c, zom20d, Counter_lattice521, Counter_lattice522","Counter_lattice522","Counter_lattice52",SURVIVOR_2,17450,true,,"",4096,17463,9280,2048,4096,4096,0,2,1
19,-795500069,413,2,"Counter_lattice521, Counter_lattice522, zom20b, zom20c, zom20d","Counter_lattice521","Counter_lattice52",SURVIVOR_1,24328,true,,"",4096,24337,8256,2048,4096,4096,0,2,1
19,-795500069,413,2,"Counter_lattice521, Counter_lattice522, zom20b, zom20c, zom20d","Counter_lattice522","Counter_lattice52",SURVIVOR_2,57415,true,,"",4096,57424,8384,2048,4096,4096,0,2,1
19,-795500069,413,2,"Counter_lattice521, Counter_lattice522, zom20b, zom20c, zom20d","CAND1","CAND",SURVIVOR_1,37204,false,292,"CPU exception",4091,24739,4096,25150,8576,4091,0,1,0
19,-795500069,413,2,"Counter_lattice521, Counter_lattice522, zom20b, zom20c, zom20d","CAND2","CAND",SURVIVOR_2,42978,false,412,"CPU exception",4091,34979,4096,35102,8704,4091,0,2,0
19,-795500069,413,2,"Counter_lattice521, Counter_lattice522, zom20b, zom20c, zom20d","zom20a","ZoMbIeS",ZOMBIE,15393,false,328,"CPU exception",4091,27811,4096,29198,8896,4091,0,2,0
19,-795500069,413,2,"Counter_lattice521, Counter_lattice522, zom20b, zom20c, zom20d","zom20b","ZoMbIeS",ZOMBIE,9074,true,,"",4096,9402,9024,2048,4096,4096,0,2,1
19,-795500069,413,2,"Counter_lattice521, Counter_lattice522, zom20b, zom20c, zom20d","zom20c","ZoMbIeS",ZOMBIE,10894,true,,"",4096,11024,8832,2,4096,4096,0,2,1
19,-795500069,413,2,"Counter_lattice521, Counter_lattice522, zom20b, zom20c, zom20d","zom20d","ZoMbIeS",ZOMBIE,60844,true,,"",4091,48290,4096,49026,9280,4091,0,1,1
20,-795500068,677,0,"Counter_lattice521, zom20b, zom20c, zom20d","Counter_lattice521","Counter_lattice52",SURVIVOR_1,46948,true,,"",4096,46957,8256,2048,4096,4096,0,2,1
20,-795500068,677,0,"Counter_lattice521, zom20b, zom20c, zom20d","Counter_lattice522","Counter_lattice52",SURVIVOR_2,14041,false,436,"CPU exception",4096,14054,8384,2048,4096,4096,0,2,1
20,-795500068,677,0,"Counter_lattice521, zom20b, zom20c, zom20d","CAND1","CAND",SURVIVOR_1,19118,false,676,"CPU exception",4091,57507,4096,57482,8576,4091,0,1,0
20,-795500068,677,0,"Counter_lattice521, zom20b, zom20c, zom20d","CAND2","CAND",SURVIVOR_2,63130,false,640,"CPU exception",4091,54435,4096,55766,8704,4091,0,2,0
20,-795500068,677,0,"Counter_lattice521, zom20b, zom20c, zom20d","zom20a","ZoMbIeS",ZOMBIE,27079,false,52,"CPU exception",4091,4259,4096,5734,8896,4091,0,2,0
20,-795500068,677,0,"Counter_lattice521, zom20b, zom20c, zom20d","zom20b","ZoMbIeS",ZOMBIE,57731,true,,"",4091,2210,4096,2958,9024,4091,0,1,1
20,-795500068,677,0,"Counter_lattice521, zom20b, zom20c, zom20d","zom20c","ZoMbIeS",ZOMBIE,32962,true,,"",4096,33089,8832,2,4096,4096,0,2,1
20,-795500068,677,0,"Counter_lattice521, zom20b, zom20c, zom20d","zom20d","ZoMbIeS",ZOMBIE,43649,true,,"",4096,43977,9280,2048,4096,4096,0,2,1
21,-795500067,1097,2,"Counter_lattice521, Counter_lattice522, zom20d","Counter_lattice521","Counter_lattice52",SURVIVOR_1,58547,true,,"",4096,58556,8256,2048,4096,4096,0,2,1
21,-795500067,1097,2,"Counter_lattice521, Counter_lattice522, zom20d","Counter_lattice522","Counter_lattice52",SURVIVOR_2,1238,true,,"",4096,1247,8384,2048,4096,4096,0,2,1
21,-795500067,1097,2,"Counter_lattice521, Counter_lattice522, zom20d","zom20a","ZoMbIeS",ZOMBIE,53121,false,508,"CPU exception",4091,43171,4096,43118,8576,4091,0,2,0
21,-795500067,1097,2,"Counter_lattice521, Counter_lattice522, zom20d","zom20b","ZoMbIeS",ZOMBIE,51341,false,112,"CPU exception",4091,9379,4096,10402,8704,4091,0,1,1
21,-795500067,1097,2,"Counter_lattice521, Counter_lattice522, zom20d","zom20c","ZoMbIeS",ZOMBIE,11525,false,63,"CPU exception",4096,11658,8512,2,4096,4096,0,2,1
21,-795500067,1097,2,"Counter_lattice521, Counter_lattice522, zom20d","zom20d","ZoMbIeS",ZOMBIE,37093,true,,"",4096,37421,8960,2048,4096,4096,0,2,1
21,-795500067,1097,2,"Counter_lattice521, Counter_lattice522, zom20d","CAND1","CAND",SURVIVOR_1,13609,false,136,"CPU exception",4091,11427,4096,11362,9152,4091,0,1,0
21,-795500067,1097,2,"Counter_lattice521, Counter_lattice522, zom20d","CAND2","CAND",SURVIVOR_2,47985,false,1096,"CPU exception",4091,27811,4096,29442,9280,4091,0,2,0
22,-795500066,833,2,"zom20d, Counter_lattice521, Counter_lattice522","zom20a","ZoMbIeS",ZOMBIE,11685,false,41,"CPU exception",4096,37415,4096,40610,8256,4091,0,2,0
22,-795500066,833,2,"zom20d, Counter_lattice521, Counter_lattice522","zom20b","ZoMbIeS",ZOMBIE,25213,false,45,"CPU exception",4096,37415,4096,61090,8384,4091,0,1,1
22,-795500066,833,2,"zom20d, Counter_lattice521, Counter_lattice522","zom20c","ZoMbIeS",ZOMBIE,40111,false,381,"CPU exception",4096,40064,8192,2,4096,4096,0,2,1
22,-795500066,833,2,"zom20d, Counter_lattice521, Counter_lattice522","zom20d","ZoMbIeS",ZOMBIE,18257,true,,"",4096,18585,8640,2048,4096,4096,0,2,1
22,-795500066,833,2,"zom20d, Counter_lattice521, Counter_lattice522","Counter_lattice521","Counter_lattice52",SURVIVOR_1,44091,true,,"",4096,44100,8832,2048,4096,4096,0,2,1
22,-795500066,833,2,"zom20d, Counter_lattice521, Counter_lattice522","Counter_lattice522","Counter_lattice52",SURVIVOR_2,1474,true,,"",4096,1483,8960,2048,4096,4096,0,2,1
22,-795500066,833,2,"zom20d, Counter_lattice521, Counter_lattice522","CAND1","CAND",SURVIVOR_1,56761,false,832,"CPU exception",4091,5283,4096,5734,9152,4091,0,1,0
22,-795500066,833,2,"zom20d, Counter_lattice521, Counter_lattice522","CAND2","CAND",SURVIVOR_2,37227,false,53,"CPU exception",4096,37415,4096,36514,9280,4091,0,2,0
23,-795500065,1097,2,"zom20b, zom20c, Counter_lattice521, Counter_lattice522","zom20a","ZoMbIeS",ZOMBIE,29317,false,509,"CPU exception",4091,43171,4096,43110,8256,4091,0,2,0
23,-795500065,1097,2,"zom20b, zom20c, Counter_lattice521, Counter_lattice522","zom20b","ZoMbIeS",ZOMBIE,36324,true,,"",4096,36652,8384,2048,4096,4096,0,2,1
23,-795500065,1097,2,"zom20b, zom20c, Counter_lattice521, Counter_lattice522","zom20c","ZoMbIeS",ZOMBIE,27076,true,,"",4096,27203,8192,2,4096,4096,0,2,1
23,-795500065,1097,2,"zom20b, zom20c, Counter_lattice521, Counter_lattice522","zom20d","ZoMbIeS",ZOMBIE,55632,false,113,"CPU exception",4091,9379,4096,10394,8640,4091,0,1,1
23,-795500065,1097,2,"zom20b, zom20c, Counter_lattice521, Counter_lattice522","Counter_lattice521","Counter_lattice52",SURVIVOR_1,11863,true,,"",4096,11872,8832,2048,4096,4096,0,2,1
23,-795500065,1097,2,"zom20b, zom20c, Counter_lattice521, Counter_lattice522","Counter_lattice522","Counter_lattice52",SURVIVOR_2,47634,true,,"",4096,47643,8960,2048,4096,4096,0,2,1
23,-795500065,1097,2,"zom20b, zom20c, Counter_lattice521, Counter_lattice522","CAND1","CAND",SURVIVOR_1,62370,false,88,"CPU exception",4091,7331,4096,7458,9152,4091,0,1,0
23,-795500065,1097,2,"zom20b, zom20c, Counter_lattice521, Counter_lattice522","CAND2","CAND",SURVIVOR_2,50205,false,1096,"CPU exception",4091,27811,4096,29442,9280,4091,0,2,0
24,-795500064,1098,2,"zom20c, Counter_lattice521, Counter_lattice522","zom20a","ZoMbIeS",ZOMBIE,26315,false,509,"CPU exception",4091,43171,4096,43110,8256,4091,0,2,0
24,-795500064,1098,2,"zom20c, Counter_lattice521, Counter_lattice522","zom20b","ZoMbIeS",ZOMBIE,54225,false,221,"memory exception",4096,54473,8384,2046,4096,4096,0,2,1
24,-795500064,1098,2,"zom20c, Counter_lattice521, Counter_lattice522","zom20c","ZoMbIeS",ZOMBIE,3516,true,,"",4096,3646,8192,2,4096,4096,0,2,1
24,-795500064,1098,2,"zom20c, Counter_lattice521, Counter_lattice522","zom20d","ZoMbIeS",ZOMBIE,62252,false,113,"CPU exception",4091,9379,4096,10394,8640,4091,0,1,1
24,-795500064,1098,2,"zom20c, Counter_lattice521, Counter_lattice522","CAND1","CAND",SURVIVOR_1,8217,false,137,"CPU exception",4091,11427,4096,11358,8832,4091,0,1,0
24,-795500064,1098,2,"zom20c, Counter_lattice521, Counter_lattice522","CAND2","CAND",SURVIVOR_2,50835,false,1097,"CPU exception",4091,27811,4096,29438,8960,4091,0,2,0
24,-795500064,1098,2,"zom20c, Counter_lattice521, Counter_lattice522","Counter_lattice521","Counter_lattice52",SURVIVOR_1,21776,true,,"",4096,21789,9152,2048,4096,4096,0,2,1
24,-795500064,1098,2,"zom20c, Counter_lattice521, Counter_lattice522","Counter_lattice522","Counter_lattice52",SURVIVOR_2,47665,true,,"",4096,47678,9280,2048,4096,4096,0,2,1
25,-795500063,690,2,"zom20b, zom20c, zom20d, Counter_lattice521, Counter_lattice522","zom20a","ZoMbIeS",ZOMBIE,43946,false,101,"CPU exception",4091,8355,4096,9438,8256,4091,0,2,0
25,-795500063,690,2,"zom20b, zom20c, zom20d, Counter_lattice521, Counter_lattice522","zom20b","ZoMbIeS",ZOMBIE,56016,true,,"",4091,6306,4096,6950,8384,4091,0,1,1
25,-795500063,690,2,"zom20b, zom20c, zom20d, Counter_lattice521, Counter_lattice522","zom20c","ZoMbIeS",ZOMBIE,34091,true,,"",4096,34220,8192,2,4096,4096,0,2,1
25,-795500063,690,2,"zom20b, zom20c, zom20d, Counter_lattice521, Counter_lattice522","zom20d","ZoMbIeS",ZOMBIE,12947,true,,"",4096,13274,8640,2048,4096,4096,0,2,1
25,-795500063,690,2,"zom20b, zom20c, zom20d, Counter_lattice521, Counter_lattice522","CAND1","CAND",SURVIVOR_1,20810,false,677,"CPU exception",4091,57507,4096,57478,8832,4091,0,1,0
25,-795500063,690,2,"zom20b, zom20c, zom20d, Counter_lattice521, Counter_lattice522","CAND2","CAND",SURVIVOR_2,7274,false,689,"CPU exception",4091,58531,4096,59666,8960,4091,0,2,0
25,-795500063,690,2,"zom20b, zom20c, zom20d, Counter_lattice521, Counter_lattice522","Counter_lattice521","Counter_lattice52",SURVIVOR_1,26228,true,,"",4096,26241,9152,2048,4096,4096,0,2,1
25,-795500063,690,2,"zom20b, zom20c, zom20d, Counter_lattice521, Counter_lattice522","Counter_lattice522","Counter_lattice52",SURVIVOR_2,63213,true,,"",4096,63226,9280,2048,4096,4096,0,2,1
26,-795500062,833,2,"Counter_lattice521, Counter_lattice522, zom20b, zom20c, zom20d","Counter_lattice521","Counter_lattice52",SURVIVOR_1,56588,true,,"",4096,56597,8256,2048,4096,4096,0,2,1
26,-795500062,833,2,"Counter_lattice521, Counter_lattice522, zom20b, zom20c, zom20d","Counter_lattice522","Counter_lattice52",SURVIVOR_2,32002,true,,"",4096,32011,8384,2048,4096,4096,0,2,1
26,-795500062,833,2,"Counter_lattice521, Counter_lattice522, zom20b, zom20c, zom20d","CAND1","CAND",SURVIVOR_1,53038,false,832,"CPU exception",4091,5283,4096,5734,8576,4091,0,1,0
26,-795500062,833,2,"Counter_lattice521, Counter_lattice522, zom20b, zom20c, zom20d","CAND2","CAND",SURVIVOR_2,1048,false,464,"CPU exception",4091,4260,4096,4178,8704,4091,0,2,0
26,-795500062,833,2,"Counter_lattice521, Counter_lattice522, zom20b, zom20c, zom20d","zom20a","ZoMbIeS",ZOMBIE,45348,false,100,"CPU exception",4091,8355,4096,9446,8896,4091,0,2,0
26,-795500062,833,2,"Counter_lattice521, Counter_lattice522, zom20b, zom20c, zom20d","zom20b","ZoMbIeS",ZOMBIE,25003,true,,"",4091,60578,4096,62202,9024,4091,0,1,1
26,-795500062,833,2,"Counter_lattice521, Counter_lattice522, zom20b, zom20c, zom20d","zom20c","ZoMbIeS",ZOMBIE,17345,true,,"",4096,17475,8832,2,4096,4096,0,2,1
26,-795500062,833,2,"Counter_lattice521, Counter_lattice522, zom20b, zom20c, zom20d","zom20d","ZoMbIeS",ZOMBIE,14915,true,,"",4096,15243,9280,2048,4096,4096,0,2,1
27,-795500061,1097,0,"Counter_lattice521, zom20c, zom20d","Counter_lattice521","Counter_lattice52",SURVIVOR_1,8683,true,,"",4096,8692,8256,2048,4096,4096,0,2,1
27,-795500061,1097,0,"Counter_lattice521, zom20c, zom20d","Counter_lattice522","Counter_lattice52",SURVIVOR_2,43114,false,508,"CPU exception",4096,43130,8384,2048,4096,4096,0,2,1
27,-795500061,1097,0,"Counter_lattice521, zom20c, zom20d","CAND1","CAND",SURVIVOR_1,24877,false,676,"CPU exception",4091,57507,4096,57482,8576,4091,0,1,0
27,-795500061,1097,0,"Counter_lattice521, zom20c, zom20d","CAND2","CAND",SURVIVOR_2,48705,false,1096,"CPU exception",4091,27811,4096,29442,8704,4091,0,2,0
27,-795500061,1097,0,"Counter_lattice521, zom20c, zom20d","zom20a","ZoMbIeS",ZOMBIE,15323,false,508,"CPU exception",4091,43171,4096,43118,8896,4091,0,2,0
27,-795500061,1097,0,"Counter_lattice521, zom20c, zom20d","zom20b","ZoMbIeS",ZOMBIE,26416,false,112,"CPU exception",4091,9379,4096,10402,9024,4091,0,1,1
27,-795500061,1097,0,"Counter_lattice521, zom20c, zom20d","zom20c","ZoMbIeS",ZOMBIE,3566,true,,"",4096,3693,8832,2,4096,4096,0,2,1
27,-795500061,1097,0,"Counter_lattice521, zom20c, zom20d","zom20d","ZoMbIeS",ZOMBIE,10789,true,,"",4096,11117,9280,2048,4096,4096,0,2,1
28,-795500060,233,2,"Counter_lattice521, Counter_lattice522, zom20a, zom20b, zom20c, zom20d","Counter_lattice521","Counter_lattice52",SURVIVOR_1,31304,true,,"",4096,31313,8256,2048,4096,4096,0,2,1
28,-795500060,233,2,"Counter_lattice521, Counter_lattice522, zom20a, zom20b, zom20c, zom20d","Counter_lattice522","Counter_lattice52",SURVIVOR_2,33134,true,,"",4096,33143,8384,2048,4096,4096,0,2,1
28,-795500060,233,2,"Counter_lattice521, Counter_lattice522, zom20a, zom20b, zom20c, zom20d","CAND1","CAND",SURVIVOR_1,15144,false,136,"CPU exception",4091,11427,4096,11362,8576,4091,0,1,0
28,-795500060,233,2,"Counter_lattice521, Counter_lattice522, zom20a, zom20b, zom20c, zom20d","CAND2","CAND",SURVIVOR_2,24845,false,232,"CPU exception",4091,19619,4096,20462,8704,4091,0,2,0
28,-795500060,233,2,"Counter_lattice521, Counter_lattice522, zom20a, zom20b, zom20c, zom20d","zom20a","ZoMbIeS",ZOMBIE,61808,true,,"",4091,23714,4096,23742,8896,4091,0,2,0
28,-795500060,233,2,"Counter_lattice521, Counter_lattice522, zom20a, zom20b, zom20c, zom20d","zom20b","ZoMbIeS",ZOMBIE,3218,true,,"",4096,3546,9024,2048,4096,4096,0,2,1
28,-795500060,233,2,"Counter_lattice521, Counter_lattice522, zom20a, zom20b, zom20c, zom20d","zom20c","ZoMbIeS",ZOMBIE,27454,true,,"",4096,27584,8832,2,4096,4096,0,2,1
28,-795500060,233,2,"Counter_lattice521, Counter_lattice522, zom20a, zom20b, zom20c, zom20d","zom20d","ZoMbIeS",ZOMBIE,43544,true,,"",4091,44194,4096,44250,9280,4091,0,1,1
29,-795500059,834,2,"Counter_lattice521, Counter_lattice522, zom20b, zom20c","CAND1","CAND",SURVIVOR_1,48935,false,833,"CPU exception",4091,5283,4096,5730,8256,4091,0,1,0
29,-795500059,834,2,"Counter_lattice521, Counter_lattice522, zom20b, zom20c","CAND2","CAND",SURVIVOR_2,44245,false,413,"CPU exception",4091,34979,4096,35098,8384,4091,0,2,0
29,-795500059,834,2,"Counter_lattice521, Counter_lattice522, zom20b, zom20c","Counter_lattice521","Counter_lattice52",SURVIVOR_1,52519,true,,"",4096,52532,8576,2048,4096,4096,0,2,1
29,-795500059,834,2,"Counter_lattice521, Counter_lattice522, zom20b, zom20c","Counter_lattice522","Counter_lattice52",SURVIVOR_2,6966,true,,"",4096,6979,8704,2048,4096,4096,0,2,1
29,-795500059,834,2,"Counter_lattice521, Counter_lattice522, zom20b, zom20c","zom20a","ZoMbIeS",ZOMBIE,31784,false,328,"CPU exception",4091,27811,4096,29198,8896,4091,0,2,0
29,-795500059,834,2,"Counter_lattice521, Counter_lattice522, zom20b, zom20c","zom20b","ZoMbIeS",ZOMBIE,38786,true,,"",4091,25762,4096,27378,9024,4091,0,1,1
29,-795500059,834,2,"Counter_lattice521, Counter_lattice522, zom20b, zom20c","zom20c","ZoMbIeS",ZOMBIE,64114,true,,"",4096,64239,8832,2,4096,4096,0,2,1
29,-795500059,834,2,"Counter_lattice521, Counter_lattice522, zom20b, zom20c","zom20d","ZoMbIeS",ZOMBIE,36988,false,733,"CPU exception",4096,37322,9280,2048,4096,4096,0,2,1
30,-795500058,293,2,"Counter_lattice521, Counter_lattice522, zom20a, zom20b, zom20c, zom20d","Counter_lattice521","Counter_lattice52",SURVIVOR_1,61577,true,,"",4096,61586,8256,2048,4096,4096,0,2,1
30,-795500058,293,2,"Counter_lattice521, Counter_lattice522, zom20a, zom20b, zom20c, zom20d","Counter_lattice522","Counter_lattice52",SURVIVOR_2,10911,true,,"",4096,10920,8384,2048,4096,4096,0,2,1
30,-795500058,293,2,"Counter_lattice521, Counter_lattice522, zom20a, zom20b, zom20c, zom20d","zom20a","ZoMbIeS",ZOMBIE,5930,true,,"",4091,12450,4096,14118,8576,4091,0,2,0
30,-795500058,293,2,"Counter_lattice521, Counter_lattice522, zom20a, zom20b, zom20c, zom20d","zom20b","ZoMbIeS",ZOMBIE,45216,true,,"",4091,32930,4096,34626,8704,4091,0,1,1
30,-795500058,293,2,"Counter_lattice521, Counter_lattice522, zom20a, zom20b, zom20c, zom20d","zom20c","ZoMbIeS",ZOMBIE,56322,true,,"",4096,56452,8512,2,4096,4096,0,2,1
30,-795500058,293,2,"Counter_lattice521, Counter_lattice522, zom20a, zom20b, zom20c, zom20d","zom20d","ZoMbIeS",ZOMBIE,31536,true,,"",4096,31864,8960,2048,4096,4096,0,2,1
30,-795500058,293,2,"Counter_lattice521, Counter_lattice522, zom20a, zom20b, zom20c, zom20d","CAND1","CAND",SURVIVOR_1,35497,false,292,"CPU exception",4091,24739,4096,25150,9152,4091,0,1,0
30,-795500058,293,2,"Counter_lattice521, Counter_lattice522, zom20a, zom20b, zom20c, zom20d","CAND2","CAND",SURVIVOR_2,28162,false,232,"CPU exception",4091,19619,4096,20462,9280,4091,0,2,0
31,-795500057,413,2,"Counter_lattice521, Counter_lattice522, zom20b, zom20c, zom20d","Counter_lattice521","Counter_lattice52",SURVIVOR_1,13673,true,,"",4096,13682,8256,2048,4096,4096,0,2,1
31,-795500057,413,2,"Counter_lattice521, Counter_lattice522, zom20b, zom20c, zom20d","Counter_lattice522","Counter_lattice52",SURVIVOR_2,22023,true,,"",4096,22032,8384,2048,4096,4096,0,2,1
31,-795500057,413,2,"Counter_lattice521, Counter_lattice522, zom20b, zom20c, zom20d","CAND1","CAND",SURVIVOR_1,43305,false,292,"CPU exception",4091,24739,4096,25150,8576,4091,0,1,0
31,-795500057,413,2,"Counter_lattice521, Counter_lattice522, zom20b, zom20c, zom20d","CAND2","CAND",SURVIVOR_2,30947,false,412,"CPU exception",4091,34979,4096,35102,8704,4091,0,2,0
31,-795500057,413,2,"Counter_lattice521, Counter_lattice522, zom20b, zom20c, zom20d","zom20a","ZoMbIeS",ZOMBIE,55798,false,328,"CPU exception",4091,27811,4096,29198,8896,4091,0,2,0
31,-795500057,413,2,"Counter_lattice521, Counter_lattice522, zom20b, zom20c, zom20d","zom20b","ZoMbIeS",ZOMBIE,7857,true,,"",4096,8185,9024,2048,4096,4096,0,2,1
31,-795500057,413,2,"Counter_lattice521, Counter_lattice522, zom20b, zom20c, zom20d","zom20c","ZoMbIeS",ZOMBIE,48891,true,,"",4096,49021,8832,2,4096,4096,0,2,1
31,-795500057,413,2,"Counter_lattice521, Counter_lattice522, zom20b, zom20c, zom20d","zom20d","ZoMbIeS",ZOMBIE,63981,true,,"",4091,48290,4096,49026,9280,4091,0,1,1
32,-795500056,690,0,"Counter_lattice521, zom20b, zom20c","CAND1","CAND",SURVIVOR_1,36293,false,293,"CPU exception",4091,24739,4096,25146,8256,4091,0,1,0
32,-795500056,690,0,"Counter_lattice521, zom20b, zom20c","CAND2","CAND",SURVIVOR_2,12043,false,689,"CPU exception",4091,58531,4096,59666,8384,4091,0,2,0
32,-795500056,690,0,"Counter_lattice521, zom20b, zom20c","Counter_lattice521","Counter_lattice52",SURVIVOR_1,33572,true,,"",4096,33585,8576,2048,4096,4096,0,2,1
32,-795500056,690,0,"Counter_lattice521, zom20b, zom20c","Counter_lattice522","Counter_lattice52",SURVIVOR_2,18864,false,342,"CPU exception",4096,18878,8704,2048,4096,4096,0,2,1
32,-795500056,690,0,"Counter_lattice521, zom20b, zom20c","zom20a","ZoMbIeS",ZOMBIE,7246,false,100,"CPU exception",4091,8355,4096,9446,8896,4091,0,2,0
32,-795500056,690,0,"Counter_lattice521, zom20b, zom20c","zom20b","ZoMbIeS",ZOMBIE,46037,true,,"",4091,6306,4096,6950,9024,4091,0,1,1
32,-795500056,690,0,"Counter_lattice521, zom20b, zom20c","zom20c","ZoMbIeS",ZOMBIE,50195,true,,"",4096,50324,8832,2,4096,4096,0,2,1
32,-795500056,690,0,"Counter_lattice521, zom20b, zom20c","zom20d","ZoMbIeS",ZOMBIE,17319,false,495,"CPU exception",4096,17654,9280,2049,4096,4096,0,2,1
33,-795500055,834,2,"Counter_lattice521, Counter_lattice522, zom20a, zom20c, zom20d","CAND1","CAND",SURVIVOR_1,53924,false,833,"CPU exception",4091,5283,4096,5730,8256,4091,0,1,0
33,-795500055,834,2,"Counter_lattice521, Counter_lattice522, zom20a, zom20c, zom20d","CAND2","CAND",SURVIVOR_2,23154,false,233,"CPU exception",4091,19619,4096,20458,8384,4091,0,2,0
33,-795500055,834,2,"Counter_lattice521, Counter_lattice522, zom20a, zom20c, zom20d","Counter_lattice521","Counter_lattice52",SURVIVOR_1,5411,true,,"",4096,5424,8576,2048,4096,4096,0,2,1
33,-795500055,834,2,"Counter_lattice521, Counter_lattice522, zom20a, zom20c, zom20d","Counter_lattice522","Counter_lattice52",SURVIVOR_2,10872,true,,"",4096,10885,8704,2048,4096,4096,0,2,1
33,-795500055,834,2,"Counter_lattice521, Counter_lattice522, zom20a, zom20c, zom20d","zom20a","ZoMbIeS",ZOMBIE,45556,true,,"",4091,55458,4096,57046,8896,4091,0,2,0
33,-795500055,834,2,"Counter_lattice521, Counter_lattice522, zom20a, zom20c, zom20d","zom20b","ZoMbIeS",ZOMBIE,51341,false,388,"CPU exception",4091,32931,4096,33866,9024,4091,0,1,1
33,-795500055,834,2,"Counter_lattice521, Counter_lattice522, zom20a, zom20c, zom20d","zom20c","ZoMbIeS",ZOMBIE,38748,true,,"",4096,38873,8832,2,4096,4096,0,2,1
33,-795500055,834,2,"Counter_lattice521, Counter_lattice522, zom20a, zom20c, zom20d","zom20d","ZoMbIeS",ZOMBIE,16746,true,,"",4096,17073,9280,2048,4096,4096,0,2,1
34,-795500054,1098,0,"zom20c, zom20d, Counter_lattice521","zom20a","ZoMbIeS",ZOMBIE,1030,false,509,"CPU exception",4091,43171,4096,43110,8256,4091,0,2,0
34,-795500054,1098,0,"zom20c, zom20d, Counter_lattice521","zom20b","ZoMbIeS",ZOMBIE,55356,false,113,"CPU exception",4091,9379,4096,10394,8384,4091,0,1,1
34,-795500054,1098,0,"zom20c, zom20d, Counter_lattice521","zom20c","ZoMbIeS",ZOMBIE,24358,true,,"",4096,24488,8192,2,4096,4096,0,2,1
34,-795500054,1098,0,"zom20c, zom20d, Counter_lattice521","zom20d","ZoMbIeS",ZOMBIE,53678,true,,"",4096,54005,8640,2048,4096,4096,0,2,1
34,-795500054,1098,0,"zom20c, zom20d, Counter_lattice521","CAND1","CAND",SURVIVOR_1,63048,false,89,"CPU exception",4091,7331,4096,7454,8832,4091,0,1,0
34,-795500054,1098,0,"zom20c, zom20d, Counter_lattice521","CAND2","CAND",SURVIVOR_2,59475,false,1097,"CPU exception",4091,27811,4096,29438,8960,4091,0,2,0
34,-795500054,1098,0,"zom20c, zom20d, Counter_lattice521","Counter_lattice521","Counter_lattice52",SURVIVOR_1,30432,true,,"",4096,30445,9152,2048,4096,4096,0,2,1
34,-795500054,1098,0,"zom20c, zom20d, Counter_lattice521","Counter_lattice522","Counter_lattice52",SURVIVOR_2,40363,false,649,"CPU exception",4096,40378,9280,2048,4096,4096,0,2,1
35,-795500053,677,2,"zom20a, zom20c, zom20d, Counter_lattice521, Counter_lattice522","zom20a","ZoMbIeS",ZOMBIE,18662,true,,"",4091,1186,4096,1906,8256,4091,0,2,0
35,-795500053,677,2,"zom20a, zom20c, zom20d, Counter_lattice521, Counter_lattice522","zom20b","ZoMbIeS",ZOMBIE,43340,false,389,"CPU exception",4091,32931,4096,33858,8384,4091,0,1,1
35,-795500053,677,2,"zom20a, zom20c, zom20d, Counter_lattice521, Counter_lattice522","zom20c","ZoMbIeS",ZOMBIE,61733,true,,"",4096,61860,8192,2,4096,4096,0,2,1
35,-795500053,677,2,"zom20a, zom20c, zom20d, Counter_lattice521, Counter_lattice522","zom20d","ZoMbIeS",ZOMBIE,36743,true,,"",4096,37071,8640,2048,4096,4096,0,2,1
35,-795500053,677,2,"zom20a, zom20c, zom20d, Counter_lattice521, Counter_lattice522","Counter_lattice521","Counter_lattice52",SURVIVOR_1,21774,true,,"",4096,21783,8832,2048,4096,4096,0,2,1
35,-795500053,677,2,"zom20a, zom20c, zom20d, Counter_lattice521, Counter_lattice522","Counter_lattice522","Counter_lattice52",SURVIVOR_2,54835,true,,"",4096,54844,8960,2048,4096,4096,0,2,1
35,-795500053,677,2,"zom20a, zom20c, zom20d, Counter_lattice521, Counter_lattice522","CAND1","CAND",SURVIVOR_1,23875,false,676,"CPU exception",4091,57507,4096,57482,9152,4091,0,1,0
35,-795500053,677,2,"zom20a, zom20c, zom20d, Counter_lattice521, Counter_lattice522","CAND2","CAND",SURVIVOR_2,28457,false,232,"CPU exception",4091,19619,4096,20462,9280,4091,0,2,0
36,-795500052,293,2,"zom20a, zom20b, zom20c, zom20d, Counter_lattice521, Counter_lattice522","zom20a","ZoMbIeS",ZOMBIE,41282,true,,"",4091,12450,4096,14118,8256,4091,0,2,0
36,-795500052,293,2,"zom20a, zom20b, zom20c, zom20d, Counter_lattice521, Counter_lattice522","zom20b","ZoMbIeS",ZOMBIE,56488,true,,"",4091,32930,4096,34626,8384,4091,0,1,1
36,-795500052,293,2,"zom20a, zom20b, zom20c, zom20d, Counter_lattice521, Counter_lattice522","zom20c","ZoMbIeS",ZOMBIE,43698,true,,"",4096,43828,8192,2,4096,4096,0,2,1
36,-795500052,293,2,"zom20a, zom20b, zom20c, zom20d, Counter_lattice521, Counter_lattice522","zom20d","ZoMbIeS",ZOMBIE,52000,true,,"",4096,52328,8640,2048,4096,4096,0,2,1
36,-795500052,293,2,"zom20a, zom20b, zom20c, zom20d, Counter_lattice521, Counter_lattice522","Counter_lattice521","Counter_lattice52",SURVIVOR_1,33603,true,,"",4096,33612,8832,2048,4096,4096,0,2,1
36,-795500052,293,2,"zom20a, zom20b, zom20c, zom20d, Counter_lattice521, Counter_lattice522","Counter_lattice522","Counter_lattice52",SURVIVOR_2,18219,true,,"",4096,18228,8960,2048,4096,4096,0,2,1
36,-795500052,293,2,"zom20a, zom20b, zom20c, zom20d, Counter_lattice521, Counter_lattice522","CAND1","CAND",SURVIVOR_1,31637,false,292,"CPU exception",4091,24739,4096,25150,9152,4091,0,1,0
36,-795500052,293,2,"zom20a, zom20b, zom20c, zom20d, Counter_lattice521, Counter_lattice522","CAND2","CAND",SURVIVOR_2,21417,false,232,"CPU exception",4091,19619,4096,20462,9280,4091,0,2,0
37,-795500051,1097,2,"Counter_lattice521, Counter_lattice522, zom20c, zom20d","Counter_lattice521","Counter_lattice52",SURVIVOR_1,58914,true,,"",4096,58923,8256,2048,4096,4096,0,2,1
37,-795500051,1097,2,"Counter_lattice521, Counter_lattice522, zom20c, zom20d","Counter_lattice522","Counter_lattice52",SURVIVOR_2,2063,true,,"",4096,2072,8384,2048,4096,4096,0,2,1
37,-795500051,1097,2,"Counter_lattice521, Counter_lattice522, zom20c, zom20d","CAND1","CAND",SURVIVOR_1,23839,false,676,"CPU exception",4091,57507,4096,57482,8576,4091,0,1,0
37,-795500051,1097,2,"Counter_lattice521, Counter_lattice522, zom20c, zom20d","CAND2","CAND",SURVIVOR_2,60540,false,1096,"CPU exception",4091,27811,4096,29442,8704,4091,0,2,0
37,-795500051,1097,2,"Counter_lattice521, Counter_lattice522, zom20c, zom20d","zom20a","ZoMbIeS",ZOMBIE,53731,false,508,"CPU exception",4091,43171,4096,43118,8896,4091,0,2,0
37,-795500051,1097,2,"Counter_lattice521, Counter_lattice522, zom20c, zom20d","zom20b","ZoMbIeS",ZOMBIE,36275,false,112,"CPU exception",4091,9379,4096,10402,9024,4091,0,1,1
37,-795500051,1097,2,"Counter_lattice521, Counter_lattice522, zom20c, zom20d","zom20c","ZoMbIeS",ZOMBIE,26997,true,,"",4096,27124,8832,2,4096,4096,0,2,1
37,-795500051,1097,2,"Counter_lattice521, Counter_lattice522, zom20c, zom20d","zom20d","ZoMbIeS",ZOMBIE,31130,true,,"",4096,31458,9280,2048,4096,4096,0,2,1
38,-795500050,1097,2,"Counter_lattice521, Counter_lattice522, zom20d","Counter_lattice521","Counter_lattice52",SURVIVOR_1,6020,true,,"",4096,6029,8256,2048,4096,4096,0,2,1
38,-795500050,1097,2,"Counter_lattice521, Counter_lattice522, zom20d","Counter_lattice522","Counter_lattice52",SURVIVOR_2,34265,true,,"",4096,34274,8384,2048,4096,4096,0,2,1
38,-795500050,1097,2,"Counter_lattice521, Counter_lattice522, zom20d","CAND1","CAND",SURVIVOR_1,42786,false,292,"CPU exception",4091,24739,4096,25150,8576,4091,0,1,0
38,-795500050,1097,2,"Counter_lattice521, Counter_lattice522, zom20d","CAND2","CAND",SURVIVOR_2,48642,false,1096,"CPU exception",4091,27811,4096,29442,8704,4091,0,2,0
38,-795500050,1097,2,"Counter_lattice521, Counter_lattice522, zom20d","zom20a","ZoMbIeS",ZOMBIE,12733,false,508,"CPU exception",4091,43171,4096,43118,8896,4091,0,2,0
38,-795500050,1097,2,"Counter_lattice521, Counter_lattice522, zom20d","zom20b","ZoMbIeS",ZOMBIE,29025,false,112,"CPU exception",4091,9379,4096,10402,9024,4091,0,1,1
38,-795500050,1097,2,"Counter_lattice521, Counter_lattice522, zom20d","zom20c","ZoMbIeS",ZOMBIE,40916,false,481,"CPU exception",4096,41042,8832,2,4096,4096,0,2,1
38,-795500050,1097,2,"Counter_lattice521, Counter_lattice522, zom20d","zom20d","ZoMbIeS",ZOMBIE,4207,true,,"",4096,4535,9280,2048,4096,4096,0,2,1
39,-795500049,641,2,"zom20b, zom20c, Counter_lattice521, Counter_lattice522","zom20a","ZoMbIeS",ZOMBIE,23651,false,53,"CPU exception",4091,4259,4096,5726,8256,4091,0,2,0
39,-795500049,641,2,"zom20b, zom20c, Counter_lattice521, Counter_lattice522","zom20b","ZoMbIeS",ZOMBIE,45377,true,,"",4091,2210,4096,3246,8384,4091,0,1,1
39,-795500049,641,2,"zom20b, zom20c, Counter_lattice521, Counter_lattice522","zom20c","ZoMbIeS",ZOMBIE,56734,true,,"",4096,56868,8192,2,4096,4096,0,2,1
39,-795500049,641,2,"zom20b, zom20c, Counter_lattice521, Counter_lattice522","zom20d","ZoMbIeS",ZOMBIE,14625,false,319,"CPU exception",4096,14958,8640,2048,4096,4096,0,2,1
39,-795500049,641,2,"zom20b, zom20c, Counter_lattice521, Counter_lattice522","Counter_lattice521","Counter_lattice52",SURVIVOR_1,47871,true,,"",4096,47880,8832,2048,4096,4096,0,2,1
39,-795500049,641,2,"zom20b, zom20c, Counter_lattice521, Counter_lattice522","Counter_lattice522","Counter_lattice52",SURVIVOR_2,53287,true,,"",4096,53296,8960,2048,4096,4096,0,2,1
39,-795500049,641,2,"zom20b, zom20c, Counter_lattice521, Counter_lattice522","CAND1","CAND",SURVIVOR_1,8467,false,136,"CPU exception",4091,11427,4096,11362,9152,4091,0,1,0
39,-795500049,641,2,"zom20b, zom20c, Counter_lattice521, Counter_lattice522","CAND2","CAND",SURVIVOR_2,63186,false,640,"CPU exception",4091,54435,4096,55766,9280,4091,0,2,0
40,-795500048,294,2,"zom20a, zom20b, zom20c, zom20d, Counter_lattice521, Counter_lattice522","zom20a","ZoMbIeS",ZOMBIE,6358,true,,"",4091,12450,4096,14110,8256,4091,0,2,0
40,-795500048,294,2,"zom20a, zom20b, zom20c, zom20d, Counter_lattice521, Counter_lattice522","zom20b","ZoMbIeS",ZOMBIE,7517,true,,"",4096,7844,8384,2048,4096,4096,0,2,1
40,-795500048,294,2,"zom20a, zom20b, zom20c, zom20d, Counter_lattice521, Counter_lattice522","zom20c","ZoMbIeS",ZOMBIE,15475,true,,"",4096,15600,8192,2,4096,4096,0,2,1
40,-795500048,294,2,"zom20a, zom20b, zom20c, zom20d, Counter_lattice521, Counter_lattice522","zom20d","ZoMbIeS",ZOMBIE,54076,true,,"",4091,32930,4096,34618,8640,4091,0,1,1
40,-795500048,294,2,"zom20a, zom20b, zom20c, zom20d, Counter_lattice521, Counter_lattice522","CAND1","CAND",SURVIVOR_1,39905,false,293,"CPU exception",4091,24739,4096,25146,8832,4091,0,1,0
40,-795500048,294,2,"zom20a, zom20b, zom20c, zom20d, Counter_lattice521, Counter_lattice522","CAND2","CAND",SURVIVOR_2,30474,false,233,"CPU exception",4091,19619,4096,20458,8960,4091,0,2,0
40,-795500048,294,2,"zom20a, zom20b, zom20c, zom20d, Counter_lattice521, Counter_lattice522","Counter_lattice521","Counter_lattice52",SURVIVOR_1,43596,true,,"",4096,43609,9152,2048,4096,4096,0,2,1
40,-795500048,294,2,"zom20a, zom20b, zom20c, zom20d, Counter_lattice521, Counter_lattice522","Counter_lattice522","Counter_lattice52",SURVIVOR_2,38795,true,,"",4096,38808,9280,2048,4096,4096,0,2,1
41,-795500047,1097,2,"zom20b, zom20c, Counter_lattice521, Counter_lattice522","zom20a","ZoMbIeS",ZOMBIE,23989,false,509,"CPU exception",4091,43171,4096,43110,8256,4091,0,2,0
41,-795500047,1097,2,"zom20b, zom20c, Counter_lattice521, Counter_lattice522","zom20b","ZoMbIeS",ZOMBIE,18628,true,,"",4096,18956,8384,2048,4096,4096,0,2,1
41,-795500047,1097,2,"zom20b, zom20c, Counter_lattice521, Counter_lattice522","zom20c","ZoMbIeS",ZOMBIE,2440,true,,"",4096,2567,8192,2,4096,4096,0,2,1
41,-795500047,1097,2,"zom20b, zom20c, Counter_lattice521, Counter_lattice522","zom20d","ZoMbIeS",ZOMBIE,25915,false,113,"CPU exception",4091,9379,4096,10394,8640,4091,0,1,1
41,-795500047,1097,2,"zom20b, zom20c, Counter_lattice521, Counter_lattice522","Counter_lattice521","Counter_lattice52",SURVIVOR_1,42452,true,,"",4096,42461,8832,2048,4096,4096,0,2,1
41,-795500047,1097,2,"zom20b, zom20c, Counter_lattice521, Counter_lattice522","Counter_lattice522","Counter_lattice52",SURVIVOR_2,12296,true,,"",4096,12305,8960,2048,4096,4096,0,2,1
41,-795500047,1097,2,"zom20b, zom20c, Counter_lattice521, Counter_lattice522","CAND1","CAND",SURVIVOR_1,37040,false,292,"CPU exception",4091,24739,4096,25150,9152,4091,0,1,0
41,-795500047,1097,2,"zom20b, zom20c, Counter_lattice521, Counter_lattice522","CAND2","CAND",SURVIVOR_2,46326,false,1096,"CPU exception",4091,27811,4096,29442,9280,4091,0,2,0
42,-795500046,1098,0,"zom20c, zom20d, Counter_lattice522","CAND1","CAND",SURVIVOR_1,36631,false,293,"CPU exception",4091,24739,4096,25146,8256,4091,0,1,0
42,-795500046,1098,0,"zom20c, zom20d, Counter_lattice522","CAND2","CAND",SURVIVOR_2,50830,false,1097,"CPU exception",4091,27811,4096,29438,8384,4091,0,2,0
42,-795500046,1098,0,"zom20c, zom20d, Counter_lattice522","zom20a","ZoMbIeS",ZOMBIE,44862,false,509,"CPU exception",4091,43171,4096,43110,8576,4091,0,2,0
42,-795500046,1098,0,"zom20c, zom20d, Counter_lattice522","zom20b","ZoMbIeS",ZOMBIE,24972,false,113,"CPU exception",4091,9379,4096,10394,8704,4091,0,1,1
42,-795500046,1098,0,"zom20c, zom20d, Counter_lattice522","zom20c","ZoMbIeS",ZOMBIE,2906,true,,"",4096,3036,8512,2,4096,4096,0,2,1
42,-795500046,1098,0,"zom20c, zom20d, Counter_lattice522","zom20d","ZoMbIeS",ZOMBIE,1454,true,,"",4096,1781,8960,2048,4096,4096,0,2,1
42,-795500046,1098,0,"zom20c, zom20d, Counter_lattice522","Counter_lattice521","Counter_lattice52",SURVIVOR_1,39753,false,470,"CPU exception",4096,39763,9152,2048,4096,4096,0,2,1
42,-795500046,1098,0,"zom20c, zom20d, Counter_lattice522","Counter_lattice522","Counter_lattice52",SURVIVOR_2,56709,true,,"",4096,56722,9280,2048,4096,4096,0,2,1
43,-795500045,834,2,"Counter_lattice521, Counter_lattice522, zom20b, zom20c, zom20d","CAND1","CAND",SURVIVOR_1,54263,false,833,"CPU exception",4091,5283,4096,5730,8256,4091,0,1,0
43,-795500045,834,2,"Counter_lattice521, Counter_lattice522, zom20b, zom20c, zom20d","CAND2","CAND",SURVIVOR_2,61941,false,641,"CPU exception",4091,54435,4096,55762,8384,4091,0,2,0
43,-795500045,834,2,"Counter_lattice521, Counter_lattice522, zom20b, zom20c, zom20d","Counter_lattice521","Counter_lattice52",SURVIVOR_1,16701,true,,"",4096,16714,8576,2048,4096,4096,0,2,1
43,-795500045,834,2,"Counter_lattice521, Counter_lattice522, zom20b, zom20c, zom20d","Counter_lattice522","Counter_lattice52",SURVIVOR_2,7093,true,,"",4096,7106,8704,2048,4096,4096,0,2,1
43,-795500045,834,2,"Counter_lattice521, Counter_lattice522, zom20b, zom20c, zom20d","zom20a","ZoMbIeS",ZOMBIE,36965,false,52,"CPU exception",4091,4259,4096,5734,8896,4091,0,2,0
43,-795500045,834,2,"Counter_lattice521, Counter_lattice522, zom20b, zom20c, zom20d","zom20b","ZoMbIeS",ZOMBIE,29307,true,,"",4091,56482,4096,58098,9024,4091,0,1,1
43,-795500045,834,2,"Counter_lattice521, Counter_lattice522, zom20b, zom20c, zom20d","zom20c","ZoMbIeS",ZOMBIE,35114,true,,"",4096,35239,8832,2,4096,4096,0,2,1
43,-795500045,834,2,"Counter_lattice521, Counter_lattice522, zom20b, zom20c, zom20d","zom20d","ZoMbIeS",ZOMBIE,18877,true,,"",4096,19204,9280,2048,4096,4096,0,2,1
44,-795500044,1098,2,"Counter_lattice521, Counter_lattice522, zom20b, zom20c","CAND1","CAND",SURVIVOR_1,11347,false,137,"CPU exception",4091,11427,4096,11358,8256,4091,0,1,0
44,-795500044,1098,2,"Counter_lattice521, Counter_lattice522, zom20b, zom20c","CAND2","CAND",SURVIVOR_2,51962,false,1097,"CPU exception",4091,27811,4096,29438,8384,4091,0,2,0
44,-795500044,1098,2,"Counter_lattice521, Counter_lattice522, zom20b, zom20c","Counter_lattice521","Counter_lattice52",SURVIVOR_1,6968,true,,"",4096,6981,8576,2048,4096,4096,0,2,1
44,-795500044,1098,2,"Counter_lattice521, Counter_lattice522, zom20b, zom20c","Counter_lattice522","Counter_lattice52",SURVIVOR_2,48768,true,,"",4096,48781,8704,2048,4096,4096,0,2,1
44,-795500044,1098,2,"Counter_lattice521, Counter_lattice522, zom20b, zom20c","zom20a","ZoMbIeS",ZOMBIE,17914,false,508,"CPU exception",4091,43171,4096,43118,8896,4091,0,2,0
44,-795500044,1098,2,"Counter_lattice521, Counter_lattice522, zom20b, zom20c","zom20b","ZoMbIeS",ZOMBIE,19546,true,,"",4096,19873,9024,2048,4096,4096,0,2,1
44,-795500044,1098,2,"Counter_lattice521, Counter_lattice522, zom20b, zom20c","zom20c","ZoMbIeS",ZOMBIE,42764,true,,"",4096,42894,8832,2,4096,4096,0,2,1
44,-795500044,1098,2,"Counter_lattice521, Counter_lattice522, zom20b, zom20c","zom20d","ZoMbIeS",ZOMBIE,28995,false,112,"CPU exception",4091,9379,4096,10402,9280,4091,0,1,1
45,-795500043,233,2,"zom20a, zom20b, zom20c, Counter_lattice521, Counter_lattice522","zom20a","ZoMbIeS",ZOMBIE,28978,true,,"",4091,23714,4096,23742,8256,4091,0,2,0
45,-795500043,233,2,"zom20a, zom20b, zom20c, Counter_lattice521, Counter_lattice522","zom20b","ZoMbIeS",ZOMBIE,63073,true,,"",4091,44194,4096,44250,8384,4091,0,1,1
45,-795500043,233,2,"zom20a, zom20b, zom20c, Counter_lattice521, Counter_lattice522","zom20c","ZoMbIeS",ZOMBIE,15834,true,,"",4096,15964,8192,2,4096,4096,0,2,1
45,-795500043,233,2,"zom20a, zom20b, zom20c, Counter_lattice521, Counter_lattice522","zom20d","ZoMbIeS",ZOMBIE,44343,false,180,"CPU exception",4096,44678,8640,2048,4096,4096,0,2,1
45,-795500043,233,2,"zom20a, zom20b, zom20c, Counter_lattice521, Counter_lattice522","Counter_lattice521","Counter_lattice52",SURVIVOR_1,34098,true,,"",4096,34107,8832,2048,4096,4096,0,2,1
45,-795500043,233,2,"zom20a, zom20b, zom20c, Counter_lattice521, Counter_lattice522","Counter_lattice522","Counter_lattice52",SURVIVOR_2,53426,true,,"",4096,53435,8960,2048,4096,4096,0,2,1
45,-795500043,233,2,"zom20a, zom20b, zom20c, Counter_lattice521, Counter_lattice522","CAND1","CAND",SURVIVOR_1,7276,false,136,"CPU exception",4091,11427,4096,11362,9152,4091,0,1,0
45,-795500043,233,2,"zom20a, zom20b, zom20c, Counter_lattice521, Counter_lattice522","CAND2","CAND",SURVIVOR_2,21327,false,232,"CPU exception",4091,19619,4096,20462,9280,4091,0,2,0
46,-795500042,1097,0,"Counter_lattice521, zom20b, zom20c","Counter_lattice521","Counter_lattice52",SURVIVOR_1,41621,true,,"",4096,41630,8256,2048,4096,4096,0,2,1
46,-795500042,1097,0,"Counter_lattice521, zom20b, zom20c","Counter_lattice522","Counter_lattice52",SURVIVOR_2,29739,false,1021,"CPU exception",4096,29754,8384,2048,4096,4096,0,2,1
46,-795500042,1097,0,"Counter_lattice521, zom20b, zom20c","zom20a","ZoMbIeS",ZOMBIE,63290,false,508,"CPU exception",4091,43171,4096,43118,8576,4091,0,2,0
46,-795500042,1097,0,"Counter_lattice521, zom20b, zom20c","zom20b","ZoMbIeS",ZOMBIE,18991,true,,"",4096,19319,8704,2048,4096,4096,0,2,1
46,-795500042,1097,0,"Counter_lattice521, zom20b, zom20c","zom20c","ZoMbIeS",ZOMBIE,11368,true,,"",4096,11495,8512,2,4096,4096,0,2,1
46,-795500042,1097,0,"Counter_lattice521, zom20b, zom20c","zom20d","ZoMbIeS",ZOMBIE,36558,false,112,"CPU exception",4091,9379,4096,10402,8960,4091,0,1,1
46,-795500042,1097,0,"Counter_lattice521, zom20b, zom20c","CAND1","CAND",SURVIVOR_1,44895,false,292,"CPU exception",4091,24739,4096,25150,9152,4091,0,1,0
46,-795500042,1097,0,"Counter_lattice521, zom20b, zom20c","CAND2","CAND",SURVIVOR_2,51622,false,1096,"CPU exception",4091,27811,4096,29442,9280,4091,0,2,0
47,-795500041,677,2,"Counter_lattice521, Counter_lattice522, zom20c, zom20d","Counter_lattice521","Counter_lattice52",SURVIVOR_1,59252,true,,"",4096,59261,8256,2048,4096,4096,0,2,1
47,-795500041,677,2,"Counter_lattice521, Counter_lattice522, zom20c, zom20d","Counter_lattice522","Counter_lattice52",SURVIVOR_2,40850,true,,"",4096,40859,8384,2048,4096,4096,0,2,1
47,-795500041,677,2,"Counter_lattice521, Counter_lattice522, zom20c, zom20d","zom20a","ZoMbIeS",ZOMBIE,35129,false,52,"CPU exception",4091,4259,4096,5734,8576,4091,0,2,0
47,-795500041,677,2,"Counter_lattice521, Counter_lattice522, zom20c, zom20d","zom20b","ZoMbIeS",ZOMBIE,1112,false,31,"CPU exception",4096,1499,8704,2048,4096,4096,0,2,1
47,-795500041,677,2,"Counter_lattice521, Counter_lattice522, zom20c, zom20d","zom20c","ZoMbIeS",ZOMBIE,62635,true,,"",4096,62762,8512,2,4096,4096,0,2,1
47,-795500041,677,2,"Counter_lattice521, Counter_lattice522, zom20c, zom20d","zom20d","ZoMbIeS",ZOMBIE,47939,true,,"",4091,2210,4096,2958,8960,4091,0,1,1
47,-795500041,677,2,"Counter_lattice521, Counter_lattice522, zom20c, zom20d","CAND1","CAND",SURVIVOR_1,16555,false,676,"CPU exception",4091,57507,4096,57482,9152,4091,0,1,0
47,-795500041,677,2,"Counter_lattice521, Counter_lattice522, zom20c, zom20d","CAND2","CAND",SURVIVOR_2,64201,false,640,"CPU exception",4091,54435,4096,55766,9280,4091,0,2,0
48,-795500040,678,2,"zom20b, zom20c, Counter_lattice521, Counter_lattice522","CAND1","CAND",SURVIVOR_1,16336,false,677,"CPU exception",4091,57507,4096,57478,8256,4091,0,1,0
48,-795500040,678,2,"zom20b, zom20c, Counter_lattice521, Counter_lattice522","CAND2","CAND",SURVIVOR_2,30871,false,413,"CPU exception",4091,34979,4096,35098,8384,4091,0,2,0
48,-795500040,678,2,"zom20b, zom20c, Counter_lattice521, Counter_lattice522","zom20a","ZoMbIeS",ZOMBIE,25396,false,329,"CPU exception",4091,27811,4096,29190,8576,4091,0,2,0
48,-795500040,678,2,"zom20b, zom20c, Counter_lattice521, Counter_lattice522","zom20b","ZoMbIeS",ZOMBIE,42788,true,,"",4091,37026,4096,37766,8704,4091,0,1,1
48,-795500040,678,2,"zom20b, zom20c, Counter_lattice521, Counter_lattice522","zom20c","ZoMbIeS",ZOMBIE,56829,true,,"",4096,56959,8512,2,4096,4096,0,2,1
48,-795500040,678,2,"zom20b, zom20c, Counter_lattice521, Counter_lattice522","zom20d","ZoMbIeS",ZOMBIE,28888,false,325,"CPU exception",4096,29222,8960,2048,4096,4096,0,2,1
48,-795500040,678,2,"zom20b, zom20c, Counter_lattice521, Counter_lattice522","Counter_lattice521","Counter_lattice52",SURVIVOR_1,58893,true,,"",4096,58906,9152,2048,4096,4096,0,2,1
48,-795500040,678,2,"zom20b, zom20c, Counter_lattice521, Counter_lattice522","Counter_lattice522","Counter_lattice52",SURVIVOR_2,22553,true,,"",4096,22566,9280,2048,4096,4096,0,2,1
49,-795500039,414,2,"Counter_lattice521, Counter_lattice522, zom20b, zom20c, zom20d","CAND1","CAND",SURVIVOR_1,33968,false,293,"CPU exception",4091,24739,4096,25146,8256,4091,0,1,0
49,-795500039,414,2,"Counter_lattice521, Counter_lattice522, zom20b, zom20c, zom20d","CAND2","CAND",SURVIVOR_2,41982,false,413,"CPU exception",4091,34979,4096,35098,8384,4091,0,2,0
49,-795500039,414,2,"Counter_lattice521, Counter_lattice522, zom20b, zom20c, zom20d","Counter_lattice521","Counter_lattice52",SURVIVOR_1,62771,true,,"",4096,62784,8576,2048,4096,4096,0,2,1
49,-795500039,414,2,"Counter_lattice521, Counter_lattice522, zom20b, zom20c, zom20d","Counter_lattice522","Counter_lattice52",SURVIVOR_2,24908,true,,"",4096,24921,8704,2048,4096,4096,0,2,1
49,-795500039,414,2,"Counter_lattice521, Counter_lattice522, zom20b, zom20c, zom20d","zom20a","ZoMbIeS",ZOMBIE,64399,false,328,"CPU exception",4091,27811,4096,29198,8896,4091,0,2,0
49,-795500039,414,2,"Counter_lattice521, Counter_lattice522, zom20b, zom20c, zom20d","zom20b","ZoMbIeS",ZOMBIE,9785,true,,"",4091,48290,4096,49018,9024,4091,0,1,1
49,-795500039,414,2,"Counter_lattice521, Counter_lattice522, zom20b, zom20c, zom20d","zom20c","ZoMbIeS",ZOMBIE,54254,true,,"",4096,54379,8832,2,4096,4096,0,2,1
49,-795500039,414,2,"Counter_lattice521, Counter_lattice522, zom20b, zom20c, zom20d","zom20d","ZoMbIeS",ZOMBIE,1116,true,,"",4096,1443,9280,2048,4096,4096,0,2,1
